portfolio_id,total_return,cagr,volatility_annualised,sharpe_ratio,max_drawdown,calmar_ratio,n_observations,trade_n_trades,trade_n_wins,trade_n_losses,trade_win_rate,trade_avg_trade_pnl,trade_avg_win,trade_avg_loss,trade_profit_factor,trade_expectancy,benchmark_total_return,benchmark_cagr,benchmark_volatility_annualised,benchmark_sharpe_ratio,benchmark_max_drawdown,benchmark_calmar_ratio,benchmark_n_observations
spy_bh,0.783384,0.214244,0.152971,1.400554,-0.189763,1.129007,751,0,0,0,,,,,,,0.784723,0.21455,0.153169,1.400737,-0.189989,1.129273,751
bh_koszyk,0.557044,0.160185,0.11018,1.453838,-0.12713,1.260004,751,0,0,0,,,,,,,0.784723,0.21455,0.153169,1.400737,-0.189989,1.129273,751
reguly_tech,0.309741,0.094767,0.121662,0.778942,-0.16581,0.571542,751,2484,1356,1118,0.545894,4.767095,16.353694,-9.243422,2.145858,4.729883,0.784723,0.21455,0.153169,1.400737,-0.189989,1.129273,751
lr,0.364021,0.109787,0.09454,1.161269,-0.083768,1.310608,751,2972,2141,831,0.72039,11.07384,19.730992,-11.230566,4.526504,11.07384,0.784723,0.21455,0.153169,1.400737,-0.189989,1.129273,751
rf,0.128946,0.041537,0.10664,0.389506,-0.137552,0.301972,751,3325,1876,1439,0.564211,1.734156,15.467466,-16.157677,1.247993,1.685561,0.784723,0.21455,0.153169,1.400737,-0.189989,1.129273,751
xgb,0.226359,0.070868,0.080804,0.87704,-0.121362,0.58394,751,3363,2138,1225,0.635742,5.293429,16.650761,-14.528591,2.00024,5.293429,0.784723,0.21455,0.153169,1.400737,-0.189989,1.129273,751
lgbm,0.345171,0.104617,0.088708,1.179333,-0.123333,0.848243,751,2720,2211,499,0.812868,11.925631,16.218523,-6.85659,10.480725,11.900423,0.784723,0.21455,0.153169,1.400737,-0.189989,1.129273,751
candle,0.346055,0.10486,0.113797,0.92147,-0.140625,0.745672,751,3502,2488,1010,0.710451,7.155864,17.96085,-19.432436,2.27682,7.133668,0.784723,0.21455,0.153169,1.400737,-0.189989,1.129273,751
ensemble,0.323666,0.098659,0.086057,1.146445,-0.077991,1.265011,751,3131,2137,990,0.68253,9.51149,19.050227,-11.04026,3.72469,9.497386,0.784723,0.21455,0.153169,1.400737,-0.189989,1.129273,751
