portfolio_id,portfolio_name,ticker,model_name,signal_source,strategy_name,label_mode,label_version,decision_id,signal_id,transaction_id,action,decision_timestamp_utc,market_date,execution_date,execution_price,previous_close,open,high,low,close,volume,quantity,shares_before,shares_after,cash_before,cash_after,position_value_before,position_value_after,portfolio_value_before,portfolio_value_after,weight_target,weight_actual_before,weight_actual,score,confidence,probability_up,threshold_used,rsi,macd,macd_signal,macd_hist,bb_upper,bb_lower,bb_middle,sma20,sma50,return_1d_after,return_5d_after,return_20d_after,trade_pnl_abs,trade_pnl_pct,holding_period_days,hit,reason,triggered_rules,data_version,strategy_version,generated_at_utc,cumulative_pnl,drawdown_after_trade,max_drawdown_to_date
bh_koszyk,Koszyk 10 — kup i trzymaj,AAPL,buy_and_hold,buy_and_hold,buy_and_hold,binary,binary-2026-08,D-bh_koszyk-0a3afdca529f,S-AAPL-buy_and_hold-20231002-6cccf5,T-bh_koszyk-e8c6c02adf5b,BUY,2026-09-29T21:19:42Z,2023-10-02,2023-10-02,171.22,,171.22,174.3,170.93,173.75,52164500,58.0,0.0,58.0,100000.0,90069.24,0.0,9930.76,100000.0,100146.74,0.1,0.0,0.0992,0.0,1.0,1.0,0.0,,,,,,,,,,-0.00777,0.030158,-0.019914,,,,,buy_and_hold_entry,buy_and_hold_entry,2026-05-15,1.0,2026-09-29T21:19:42Z,0.0,0.0,0.0
bh_koszyk,Koszyk 10 — kup i trzymaj,MSFT,buy_and_hold,buy_and_hold,buy_and_hold,binary,binary-2026-08,D-bh_koszyk-59e347bdd9c0,S-MSFT-buy_and_hold-20231002-c2e11e,T-bh_koszyk-3e9f998ac9ab,BUY,2026-09-29T21:19:42Z,2023-10-02,2023-10-02,316.28,,316.28,321.89,315.18,321.8,20570000,31.0,0.0,31.0,90069.24,80264.56,0.0,9804.68,100000.0,100317.86,0.1,0.0,0.0977,0.0,1.0,1.0,0.0,,,,,,,,,,-0.026134,0.024922,0.048198,,,,,buy_and_hold_entry,buy_and_hold_entry,2026-05-15,1.0,2026-09-29T21:19:42Z,0.0,0.0,0.0
bh_koszyk,Koszyk 10 — kup i trzymaj,JPM,buy_and_hold,buy_and_hold,buy_and_hold,binary,binary-2026-08,D-bh_koszyk-dc99e34b0d41,S-JPM-buy_and_hold-20231002-3e13e0,T-bh_koszyk-fb90a16d6897,BUY,2026-09-29T21:19:42Z,2023-10-02,2023-10-02,144.83,,144.83,145.62,142.63,143.77,9170600,69.0,0.0,69.0,80264.56,70271.29,0.0,9993.27,100000.0,100244.72,0.1,0.0,0.0997,0.0,1.0,1.0,0.0,,,,,,,,,,-0.007373,0.006956,-0.044168,,,,,buy_and_hold_entry,buy_and_hold_entry,2026-05-15,1.0,2026-09-29T21:19:42Z,0.0,0.0,0.0
bh_koszyk,Koszyk 10 — kup i trzymaj,XOM,buy_and_hold,buy_and_hold,buy_and_hold,binary,binary-2026-08,D-bh_koszyk-75ff53d140c4,S-XOM-buy_and_hold-20231002-ae6cd4,T-bh_koszyk-cc873e4f03e6,BUY,2026-09-29T21:19:42Z,2023-10-02,2023-10-02,117.53,,117.53,117.79,114.55,115.63,14395000,85.0,0.0,85.0,70271.29,60281.24,0.0,9990.05,100000.0,100083.22,0.1,0.0,0.0998,0.0,1.0,1.0,0.0,,,,,,,,,,0.00173,-0.040733,-0.084321,,,,,buy_and_hold_entry,buy_and_hold_entry,2026-05-15,1.0,2026-09-29T21:19:42Z,0.0,0.0,0.0
bh_koszyk,Koszyk 10 — kup i trzymaj,JNJ,buy_and_hold,buy_and_hold,buy_and_hold,binary,binary-2026-08,D-bh_koszyk-7f072f43911e,S-JNJ-buy_and_hold-20231002-539cee,T-bh_koszyk-a6ac6e79de57,BUY,2026-09-29T21:19:42Z,2023-10-02,2023-10-02,155.42,,155.42,155.42,153.32,155.15,7259700,64.0,0.0,64.0,60281.24,50334.36,0.0,9946.88,100000.0,100065.94,0.1,0.0,0.0994,0.0,1.0,1.0,0.0,,,,,,,,,,0.001225,0.02185,-0.052336,,,,,buy_and_hold_entry,buy_and_hold_entry,2026-05-15,1.0,2026-09-29T21:19:42Z,0.0,0.0,0.0
bh_koszyk,Koszyk 10 — kup i trzymaj,UNH,buy_and_hold,buy_and_hold,buy_and_hold,binary,binary-2026-08,D-bh_koszyk-792738ce3a3c,S-UNH-buy_and_hold-20231002-ead3f9,T-bh_koszyk-bb47790902a8,BUY,2026-09-29T21:19:42Z,2023-10-02,2023-10-02,505.53,,505.53,514.84,503.14,514.57,3550400,19.0,0.0,19.0,50334.36,40729.29,0.0,9605.07,100000.0,100237.7,0.1,0.0,0.0958,0.0,1.0,1.0,0.0,,,,,,,,,,-0.009911,0.023204,0.029967,,,,,buy_and_hold_entry,buy_and_hold_entry,2026-05-15,1.0,2026-09-29T21:19:42Z,0.0,0.0,0.0
bh_koszyk,Koszyk 10 — kup i trzymaj,PG,buy_and_hold,buy_and_hold,buy_and_hold,binary,binary-2026-08,D-bh_koszyk-fb7e7e80229b,S-PG-buy_and_hold-20231002-a096d0,T-bh_koszyk-a7f8981f92cb,BUY,2026-09-29T21:19:42Z,2023-10-02,2023-10-02,144.78,,144.78,145.6,143.9,145.19,5153800,69.0,0.0,69.0,40729.29,30739.47,0.0,9989.82,100000.0,100265.99,0.1,0.0,0.0996,0.0,1.0,1.0,0.0,,,,,,,,,,0.002066,-0.012604,0.028032,,,,,buy_and_hold_entry,buy_and_hold_entry,2026-05-15,1.0,2026-09-29T21:19:42Z,0.0,0.0,0.0
bh_koszyk,Koszyk 10 — kup i trzymaj,KO,buy_and_hold,buy_and_hold,buy_and_hold,binary,binary-2026-08,D-bh_koszyk-c66185479ba5,S-KO-buy_and_hold-20231002-c6185e,T-bh_koszyk-4295738f1837,BUY,2026-09-29T21:19:42Z,2023-10-02,2023-10-02,55.91,,55.91,56.01,55.08,55.48,11792500,178.0,0.0,178.0,30739.47,20787.49,0.0,9951.98,100000.0,100189.45,0.1,0.0,0.0993,0.0,1.0,1.0,0.0,,,,,,,,,,-0.010815,-0.046864,0.012076,,,,,buy_and_hold_entry,buy_and_hold_entry,2026-05-15,1.0,2026-09-29T21:19:42Z,0.0,0.0,0.0
bh_koszyk,Koszyk 10 — kup i trzymaj,WMT,buy_and_hold,buy_and_hold,buy_and_hold,binary,binary-2026-08,D-bh_koszyk-f1b0ebf20ce4,S-WMT-buy_and_hold-20231002-a99b4a,T-bh_koszyk-12d88fef21aa,BUY,2026-09-29T21:19:42Z,2023-10-02,2023-10-02,53.1633,,53.1633,53.4233,52.77,53.3667,12992700,188.0,0.0,188.0,20787.49,10792.78,0.0,9994.71,100000.0,100227.68,0.1,0.0,0.0997,0.0,1.0,1.0,0.0,,,,,,,,,,-0.006309,-0.026608,0.018239,,,,,buy_and_hold_entry,buy_and_hold_entry,2026-05-15,1.0,2026-09-29T21:19:42Z,0.0,0.0,0.0
bh_koszyk,Koszyk 10 — kup i trzymaj,NEE,buy_and_hold,buy_and_hold,buy_and_hold,binary,binary-2026-08,D-bh_koszyk-2251abe812ee,S-NEE-buy_and_hold-20231002-de8c3b,T-bh_koszyk-a32106a6d602,BUY,2026-09-29T21:19:42Z,2023-10-02,2023-10-02,56.08,,56.08,56.38,50.18,52.15,54022800,178.0,0.0,178.0,10792.78,810.54,0.0,9982.24,100000.0,99528.14,0.1,0.0,0.1003,0.0,1.0,1.0,0.0,,,,,,,,,,0.01208,-0.054267,0.096836,,,,,buy_and_hold_entry,buy_and_hold_entry,2026-05-15,1.0,2026-09-29T21:19:42Z,0.0,0.0,0.0
